Date,Country,City,Specie,count,min,max,median,variance
1/1/2017,IN,Kolkata,so2,24,0.5,5.7,2.9,22.1
1/1/2017,IN,Kolkata,pm25,24,191,702,298,162504
1/1/2017,IN,Kolkata,no2,38,0.4,96.5,36.2,5807.44
1/1/2017,IN,Kolkata,co,41,1.3,63.6,17,3563.52
1/1/2017,IN,Kolkata,pm10,42,54,316,119,31202.9
1/1/2017,IN,Kolkata,o3,42,0.5,17.1,1.7,254.36
1/2/2017,IN,Kolkata,so2,24,2.1,4.1,2.9,2.64
1/2/2017,IN,Kolkata,pm25,24,194,525,274,95951.2
1/2/2017,IN,Kolkata,no2,51,0.8,92.7,29.7,6223.39
1/2/2017,IN,Kolkata,co,53,0.6,40.5,13.4,1201.64
1/2/2017,IN,Kolkata,pm10,52,30,288,113,33001
1/2/2017,IN,Kolkata,o3,51,0.5,20.8,2.1,486.83
1/3/2017,IN,Kolkata,so2,24,0.5,4.1,2.5,11.5
1/3/2017,IN,Kolkata,pm25,24,170,473,226,82169.8
1/3/2017,IN,Kolkata,no2,57,2.2,86.3,26.7,5127.01
1/3/2017,IN,Kolkata,co,63,0.4,42.7,8.7,1377.02
1/3/2017,IN,Kolkata,pm10,63,39,391,123,73429.2
1/3/2017,IN,Kolkata,o3,57,0.5,16.7,1.7,324.61
1/4/2017,IN,Kolkata,so2,25,1.7,216.6,2.9,18278.6
1/4/2017,IN,Kolkata,pm25,22,182,290,207,7092.75
1/4/2017,IN,Kolkata,no2,62,8.7,130.1,23.1,3108.52
1/4/2017,IN,Kolkata,co,62,1.1,41.2,8,396.19
1/4/2017,IN,Kolkata,pm10,62,65,405,108,29991
1/4/2017,IN,Kolkata,o3,60,0.5,324.5,2.5,17290.5
1/5/2017,IN,Kolkata,so2,24,0.5,8.6,2.9,39.12
1/5/2017,IN,Kolkata,pm25,24,164,357,221,32603.8
1/5/2017,IN,Kolkata,no2,62,5.2,87.9,19.9,4130.53
1/5/2017,IN,Kolkata,co,63,1.7,42.1,10,832.07
1/5/2017,IN,Kolkata,pm10,65,49,320,121,33748.4
1/5/2017,IN,Kolkata,o3,58,0.5,15.9,1.7,273.55
1/6/2017,IN,Kolkata,so2,23,0.5,4.9,2.1,12.43
1/6/2017,IN,Kolkata,pm25,24,160,302,208,11161.7
1/6/2017,IN,Kolkata,no2,65,9.9,45.7,22.4,673.43
1/6/2017,IN,Kolkata,co,66,1,42,10,1043.83
1/6/2017,IN,Kolkata,pm10,66,4,234,120,27703.2
1/6/2017,IN,Kolkata,o3,63,0.5,15.9,2.9,270.36
1/7/2017,IN,Kolkata,so2,30,2.1,216.6,2.9,75625
1/7/2017,IN,Kolkata,pm25,24,173,356,232,23770.4
1/7/2017,IN,Kolkata,no2,66,12.1,130.1,27.8,9955.18
1/7/2017,IN,Kolkata,co,63,0.6,72.7,9.8,2766.15
1/7/2017,IN,Kolkata,pm10,69,5,896,125,508819
1/7/2017,IN,Kolkata,o3,64,0.5,324.5,2.9,88364.1
1/8/2017,IN,Kolkata,so2,24,0.9,4.9,2.9,12.66
1/8/2017,IN,Kolkata,pm25,24,166,333,217,28988.5
1/8/2017,IN,Kolkata,no2,61,9.6,78.3,23.1,2884.4
1/8/2017,IN,Kolkata,co,58,0.6,48.5,9.6,1177.07
1/8/2017,IN,Kolkata,pm10,62,47,274,110,20636.1
1/8/2017,IN,Kolkata,o3,52,0.5,20.8,4.5,456.75
1/9/2017,IN,Kolkata,so2,20,0.9,60.6,3.3,3643.07
1/9/2017,IN,Kolkata,pm25,14,180,288,194,9605.93
1/9/2017,IN,Kolkata,no2,68,3.5,95.4,24.5,3614.59
1/9/2017,IN,Kolkata,co,70,2.2,57.6,14,1509.7
1/9/2017,IN,Kolkata,pm10,68,57,405,125,53143
1/9/2017,IN,Kolkata,o3,62,0.5,26.4,2.1,736.09
1/10/2017,IN,Kolkata,so2,16,0.5,216.6,2.1,53842.9
1/10/2017,IN,Kolkata,pm25,24,137,342,193,30304.2
1/10/2017,IN,Kolkata,no2,59,10.7,130.1,23.4,4806.78
1/10/2017,IN,Kolkata,co,60,4.1,26.8,9.1,212.14
1/10/2017,IN,Kolkata,pm10,60,30,896,107,145295
1/10/2017,IN,Kolkata,o3,57,0.5,324.5,4.1,26039.5
1/11/2017,IN,Kolkata,so2,24,0.5,4.1,2.9,7.05
1/11/2017,IN,Kolkata,pm25,24,158,277,170,8734.76
1/11/2017,IN,Kolkata,no2,70,10.7,47.1,23.4,722.05
1/11/2017,IN,Kolkata,co,70,1.1,32.7,7.5,495.53
1/11/2017,IN,Kolkata,pm10,70,5,165,77,7165.63
1/11/2017,IN,Kolkata,o3,70,0.5,17.5,2.5,261.83
1/12/2017,IN,Kolkata,so2,24,1.7,4.9,2.5,8.52
1/12/2017,IN,Kolkata,pm25,23,161,250,176,6024.43
1/12/2017,IN,Kolkata,no2,72,9.6,69.1,23.4,1817.13
1/12/2017,IN,Kolkata,co,68,0.6,36.2,8.1,603.9
1/12/2017,IN,Kolkata,pm10,72,56,159,84,6943.52
1/12/2017,IN,Kolkata,o3,72,0.5,18.3,4.1,254.39
1/13/2017,IN,Kolkata,so2,24,0.9,4.9,2.9,9.32
1/13/2017,IN,Kolkata,pm25,24,171,231,187,2363.89
1/13/2017,IN,Kolkata,no2,62,11.4,76.1,26.7,1987.85
1/13/2017,IN,Kolkata,co,64,1.1,33.6,8,383.45
1/13/2017,IN,Kolkata,pm10,64,46,307,106,12166.3
1/13/2017,IN,Kolkata,o3,64,0.5,21.2,4.4,331.43
1/14/2017,IN,Kolkata,so2,24,1.3,3.7,2.1,3.96
1/14/2017,IN,Kolkata,pm25,24,168,250,189,4664.33
1/14/2017,IN,Kolkata,no2,68,11.4,82.6,23.4,2708.09
1/14/2017,IN,Kolkata,co,67,0.2,36.8,9.8,735.4
1/14/2017,IN,Kolkata,pm10,69,57,323,115,24331.6
1/14/2017,IN,Kolkata,o3,69,0.9,18.7,5.7,301.18
1/15/2017,IN,Kolkata,so2,24,2.1,4.5,2.9,5.41
1/15/2017,IN,Kolkata,pm25,24,170,247,199,4400.87
1/15/2017,IN,Kolkata,no2,62,12.1,79.9,24.9,2892.76
1/15/2017,IN,Kolkata,co,62,2.8,33.7,7.3,608.66
1/15/2017,IN,Kolkata,pm10,63,54,253,117,12702.5
1/15/2017,IN,Kolkata,o3,58,0.5,18.7,4.1,360.36
1/16/2017,IN,Kolkata,so2,24,0.5,4.9,2.9,12.61
1/16/2017,IN,Kolkata,pm25,24,177,498,224,79067.8
1/16/2017,IN,Kolkata,no2,62,4.1,78.3,25.6,2737.8
1/16/2017,IN,Kolkata,co,64,4.6,52,10.7,1026.09
1/16/2017,IN,Kolkata,pm10,63,80,356,129,51479.1
1/16/2017,IN,Kolkata,o3,61,0.5,19.5,2.5,376.32
1/17/2017,IN,Kolkata,so2,24,0.9,6.1,3.7,21.05
1/17/2017,IN,Kolkata,pm25,17,169,506,231,131494
1/17/2017,IN,Kolkata,no2,49,0.8,100.3,28.6,4802.42
1/17/2017,IN,Kolkata,co,46,1.9,59,19.6,3312.95
1/17/2017,IN,Kolkata,pm10,47,64,405,212,155251
1/17/2017,IN,Kolkata,o3,44,0.5,21.2,0.9,584.22
1/18/2017,IN,Kolkata,so2,24,0.5,4.9,3.3,13.7
1/18/2017,IN,Kolkata,pm25,24,169,432,299,102350
1/18/2017,IN,Kolkata,no2,57,9.6,80.4,28.6,3706.83
1/18/2017,IN,Kolkata,co,54,0.2,63.6,10.9,2233.02
1/18/2017,IN,Kolkata,pm10,57,33,405,176,143670
1/18/2017,IN,Kolkata,o3,48,0.5,22.4,6.1,544.86
1/19/2017,IN,Kolkata,so2,30,0.9,216.6,3.7,75476.1
1/19/2017,IN,Kolkata,pm25,24,175,463,234,50974.7
1/19/2017,IN,Kolkata,no2,66,9.9,130.1,31.1,13633.9
1/19/2017,IN,Kolkata,co,61,0.4,47,10.1,765.58
1/19/2017,IN,Kolkata,pm10,68,81,896,137,557375
1/19/2017,IN,Kolkata,o3,65,0.5,324.5,7.8,98174.9
1/20/2017,IN,Kolkata,so2,24,0.5,216.6,2.5,36198.9
1/20/2017,IN,Kolkata,pm25,24,176,500,206,93674.5
1/20/2017,IN,Kolkata,no2,52,5.9,130.1,24.9,12075.4
1/20/2017,IN,Kolkata,co,53,2.6,47,11.1,1203.88
1/20/2017,IN,Kolkata,pm10,54,56,896,127,264118
1/20/2017,IN,Kolkata,o3,52,0.5,324.5,3.3,38530.5
1/21/2017,IN,Kolkata,so2,24,0.5,4.1,2.9,9.87
1/21/2017,IN,Kolkata,pm25,22,163,471,221,102668
1/21/2017,IN,Kolkata,no2,58,10.7,106.9,24.2,7271.04
1/21/2017,IN,Kolkata,co,59,0.4,57.7,10.7,1754.22
1/21/2017,IN,Kolkata,pm10,57,56,338,120,71597.7
1/21/2017,IN,Kolkata,o3,55,0.5,16.7,3.3,396.1
1/22/2017,IN,Kolkata,so2,24,0.5,3.7,2.5,7.69
1/22/2017,IN,Kolkata,pm25,24,169,354,191,27975.6
1/22/2017,IN,Kolkata,no2,57,11.4,86.3,23,4393.23
1/22/2017,IN,Kolkata,co,54,0.2,31.8,7.5,499.57
1/22/2017,IN,Kolkata,pm10,58,42,216,109,13954.7
1/22/2017,IN,Kolkata,o3,54,0.5,19.9,2.5,495.77
1/23/2017,IN,Kolkata,so2,13,1.7,4.5,2.9,6.77
1/23/2017,IN,Kolkata,pm25,22,178,365,212,32128.3
1/23/2017,IN,Kolkata,no2,54,11,100.7,20.7,3505.57
1/23/2017,IN,Kolkata,co,57,2,37.6,10.9,884.95
1/23/2017,IN,Kolkata,pm10,56,67,310,128,24809.8
1/23/2017,IN,Kolkata,o3,54,0.5,19.5,2.1,442.4
1/24/2017,IN,Kolkata,so2,10,1.7,5.3,2.9,19.93
1/24/2017,IN,Kolkata,pm25,24,171,423,235,62936.4
1/24/2017,IN,Kolkata,no2,49,4.4,98.6,22.4,4227.61
1/24/2017,IN,Kolkata,co,50,0.4,42.7,10.9,865.06
1/24/2017,IN,Kolkata,pm10,50,26,486,128,71551
1/24/2017,IN,Kolkata,o3,47,0.5,18.3,3.3,365.11
1/25/2017,IN,Kolkata,so2,16,2.1,5.7,2.9,10.39
1/25/2017,IN,Kolkata,pm25,24,181,324,238,15547.8
1/25/2017,IN,Kolkata,no2,41,6.3,100.9,20.5,6620.85
1/25/2017,IN,Kolkata,co,45,2.6,33.6,14.7,601.46
1/25/2017,IN,Kolkata,pm10,42,7,194,121,20882.1
1/25/2017,IN,Kolkata,o3,45,0.5,22,1.7,458.73
1/26/2017,IN,Kolkata,so2,5,1.3,4.1,3.7,13.92
1/26/2017,IN,Kolkata,pm25,24,162,306,224,16870.1
1/26/2017,IN,Kolkata,no2,22,5.2,80.9,18.7,4385.05
1/26/2017,IN,Kolkata,co,23,4.7,27.5,13.1,457.66
1/26/2017,IN,Kolkata,pm10,23,54,172,131,7853.64
1/26/2017,IN,Kolkata,o3,19,0.5,18.7,0.9,306.99
1/27/2017,IN,Kolkata,so2,18,1.7,4.1,3.3,6.45
1/27/2017,IN,Kolkata,pm25,22,188,315,266,12584.7
1/27/2017,IN,Kolkata,no2,57,6.3,101.1,35.1,4605.18
1/27/2017,IN,Kolkata,co,56,0.2,53.8,22.5,1292.33
1/27/2017,IN,Kolkata,pm10,58,98,318,136,47842.4
1/27/2017,IN,Kolkata,o3,58,0.5,14.3,1.3,102.92
1/28/2017,IN,Kolkata,so2,24,0.9,4.1,2.1,11.83
1/28/2017,IN,Kolkata,pm25,24,161,293,204,24725.4
1/28/2017,IN,Kolkata,no2,59,9.9,86.8,29.3,3231.41
1/28/2017,IN,Kolkata,co,52,0.4,45.8,14.7,1375.88
1/28/2017,IN,Kolkata,pm10,59,58,334,106,47278.8
1/28/2017,IN,Kolkata,o3,55,0.5,11.8,1.4,141.83
1/29/2017,IN,Kolkata,so2,24,1.3,5.3,1.7,10.13
1/29/2017,IN,Kolkata,pm25,24,134,199,155,2786.07
1/29/2017,IN,Kolkata,no2,47,8.5,66.5,21.6,2398.83
1/29/2017,IN,Kolkata,co,48,1.7,20.3,4.7,119.64
1/29/2017,IN,Kolkata,pm10,48,40,130,70,4150.63
1/29/2017,IN,Kolkata,o3,48,0.5,15.9,4.5,246.94
1/30/2017,IN,Kolkata,so2,22,2.1,4.5,2.9,4.86
1/30/2017,IN,Kolkata,pm25,23,155,313,186,16011.8
1/30/2017,IN,Kolkata,no2,49,9.6,91.1,28.2,4004.92
1/30/2017,IN,Kolkata,co,51,1,26.8,9.4,543.86
1/30/2017,IN,Kolkata,pm10,50,38,196,97,14967.6
1/30/2017,IN,Kolkata,o3,50,0.5,20.4,2.5,456.74
1/31/2017,IN,Kolkata,so2,29,0.5,64.9,2.9,2775.4
1/31/2017,IN,Kolkata,pm25,24,173,277,199,9140.71
1/31/2017,IN,Kolkata,no2,67,9.9,86.8,26.4,3772.6
1/31/2017,IN,Kolkata,co,68,1.7,38.4,13.6,660.92
1/31/2017,IN,Kolkata,pm10,68,69,281,105,31493.1
1/31/2017,IN,Kolkata,o3,64,0.5,22.8,2.9,584.31
2/1/2017,IN,Kolkata,so2,33,0.5,157.9,4.9,22228.5
2/1/2017,IN,Kolkata,pm25,24,192,292,216,7101.96
2/1/2017,IN,Kolkata,no2,65,10.7,79.3,26.4,3129.77
2/1/2017,IN,Kolkata,co,66,1,34.7,10.5,458.68
2/1/2017,IN,Kolkata,pm10,66,69,338,110,48016.6
2/1/2017,IN,Kolkata,o3,66,0.5,27.7,5.3,688.45
2/2/2017,IN,Kolkata,so2,34,0.1,8.4,3.3,47.37
2/2/2017,IN,Kolkata,pm25,23,174,255,226,4027.23
2/2/2017,IN,Kolkata,no2,70,7,61.6,23.1,1658.13
2/2/2017,IN,Kolkata,co,72,1,32,10.2,487.65
2/2/2017,IN,Kolkata,pm10,71,68,201,92,15400.7
2/2/2017,IN,Kolkata,o3,72,0.5,19.9,6.1,252.17
2/3/2017,IN,Kolkata,so2,39,0.9,6.8,3.3,16.62
2/3/2017,IN,Kolkata,pm25,24,165,283,193,13080
2/3/2017,IN,Kolkata,no2,67,8.8,101.2,22.4,3925.09
2/3/2017,IN,Kolkata,co,68,3.5,31.8,11.1,405.1
2/3/2017,IN,Kolkata,pm10,68,53,254,100,25407.8
2/3/2017,IN,Kolkata,o3,68,0.5,18.7,3.7,324.57
2/4/2017,IN,Kolkata,so2,31,1.7,13.9,3.7,89.44
2/4/2017,IN,Kolkata,pm25,24,168,258,205,5239.35
2/4/2017,IN,Kolkata,no2,55,7.7,72.4,27.1,2601.46
2/4/2017,IN,Kolkata,co,56,0.6,23,9.1,175.54
2/4/2017,IN,Kolkata,pm10,56,63,189,98,13474.2
2/4/2017,IN,Kolkata,o3,56,0.5,20.8,3.7,430.16
2/5/2017,IN,Kolkata,so2,32,0.5,12.4,2.5,57.37
2/5/2017,IN,Kolkata,pm25,24,158,286,205,11922.9
2/5/2017,IN,Kolkata,no2,57,8.5,63.2,24.5,2228.56
2/5/2017,IN,Kolkata,co,58,4.4,23.2,10.9,267.52
2/5/2017,IN,Kolkata,pm10,58,42,198,110,17429.2
2/5/2017,IN,Kolkata,o3,55,0.5,24.4,1.7,710.68
2/6/2017,IN,Kolkata,so2,32,0.1,11.1,3.3,52.67
2/6/2017,IN,Kolkata,pm25,22,162,416,252,62738.6
2/6/2017,IN,Kolkata,no2,57,11,83.1,26.4,2369.49
2/6/2017,IN,Kolkata,co,59,0.6,58.2,13.6,1417.9
2/6/2017,IN,Kolkata,pm10,59,53,322,127,51569.5
2/6/2017,IN,Kolkata,o3,58,0.5,24.4,1.7,714.62
2/7/2017,IN,Kolkata,so2,47,0.5,11.8,2.9,86.58
2/7/2017,IN,Kolkata,pm25,24,168,354,217,17457.4
2/7/2017,IN,Kolkata,no2,71,11,109.4,30,4712.42
2/7/2017,IN,Kolkata,co,72,3.1,57.1,11.6,1599.84
2/7/2017,IN,Kolkata,pm10,72,34,315,126,39566.3
2/7/2017,IN,Kolkata,o3,65,0.5,22.4,3.5,545.45
2/8/2017,IN,Kolkata,so2,48,0.5,17.9,2.9,257.38
2/8/2017,IN,Kolkata,pm25,23,155,370,218,42310.9
2/8/2017,IN,Kolkata,no2,69,11,77.7,28.2,2957.23
2/8/2017,IN,Kolkata,co,71,0.4,35,13.1,928.51
2/8/2017,IN,Kolkata,pm10,71,57,349,113,44918.8
2/8/2017,IN,Kolkata,o3,52,0.5,20.8,1.7,414.04
2/9/2017,IN,Kolkata,so2,61,0.1,18.9,3.7,202.6
2/9/2017,IN,Kolkata,pm25,24,165,373,188,40736.5
2/9/2017,IN,Kolkata,no2,66,12.6,103,28.9,6540.53
2/9/2017,IN,Kolkata,co,58,0.2,60.3,9.1,2145.93
2/9/2017,IN,Kolkata,pm10,67,61,354,128,50194.8
2/9/2017,IN,Kolkata,o3,66,0.5,26.9,2.9,811.72
2/10/2017,IN,Kolkata,so2,65,0.5,65.6,2.5,1609.24
2/10/2017,IN,Kolkata,pm25,24,184,257,211,4596.74
2/10/2017,IN,Kolkata,no2,63,11.7,85.8,25.3,2711.07
2/10/2017,IN,Kolkata,co,64,2,24.6,10,314.23
2/10/2017,IN,Kolkata,pm10,64,62,298,107,29170.5
2/10/2017,IN,Kolkata,o3,65,0.5,29.7,6.1,656.58
2/11/2017,IN,Kolkata,so2,67,0.9,77.5,2.5,991.78
2/11/2017,IN,Kolkata,pm25,24,178,265,208,6152.75
2/11/2017,IN,Kolkata,no2,67,8.8,109.3,26.4,3086.47
2/11/2017,IN,Kolkata,co,66,2,28.2,10.1,291.46
2/11/2017,IN,Kolkata,pm10,68,57,237,116,15111.3
2/11/2017,IN,Kolkata,o3,65,0.5,125.7,7.3,2761.79
2/12/2017,IN,Kolkata,so2,72,1.7,12.6,4.9,96.22
2/12/2017,IN,Kolkata,pm25,23,174,263,185,5018.77
2/12/2017,IN,Kolkata,no2,71,7.7,58.9,20.2,990.29
2/12/2017,IN,Kolkata,co,72,4.2,27.2,9.1,261.37
2/12/2017,IN,Kolkata,pm10,72,40,182,100,9132.8
2/12/2017,IN,Kolkata,o3,72,0.9,27.3,9,523.62
2/13/2017,IN,Kolkata,so2,68,0.1,59.3,3.7,791.4
2/13/2017,IN,Kolkata,pm25,20,182,247,215,3533.97
2/13/2017,IN,Kolkata,no2,70,11,84.2,26.9,1729.98
2/13/2017,IN,Kolkata,co,71,4.2,45.6,11.3,595.7
2/13/2017,IN,Kolkata,pm10,70,41,319,127,20249.8
2/13/2017,IN,Kolkata,o3,70,0.5,29.3,5.3,746.34
2/14/2017,IN,Kolkata,so2,72,0.5,64,4.5,2160.2
2/14/2017,IN,Kolkata,pm25,23,163,400,227,43712.6
2/14/2017,IN,Kolkata,no2,71,8.5,77.2,27.1,1392.36
2/14/2017,IN,Kolkata,co,72,1.9,33.3,11.6,428.88
2/14/2017,IN,Kolkata,pm10,72,18,484,124,76681.4
2/14/2017,IN,Kolkata,o3,71,0.5,24.8,7,680.06
2/15/2017,IN,Kolkata,so2,72,0.5,67.8,5.5,2231.36
2/15/2017,IN,Kolkata,pm25,23,170,255,201,7335.85
2/15/2017,IN,Kolkata,no2,72,7.7,74.5,20.7,848.36
2/15/2017,IN,Kolkata,co,72,1,46.8,9.4,684.88
2/15/2017,IN,Kolkata,pm10,71,37,201,104,15036.7
2/15/2017,IN,Kolkata,o3,72,0.5,22.4,7.8,425.95
2/16/2017,IN,Kolkata,so2,66,0.5,48.2,8.2,744.02
2/16/2017,IN,Kolkata,pm25,24,181,288,205,8082.88
2/16/2017,IN,Kolkata,no2,70,9.9,47.1,26.7,880.82
2/16/2017,IN,Kolkata,co,70,1.1,26.8,9.4,303.31
2/16/2017,IN,Kolkata,pm10,70,64,185,107,10610.5
2/16/2017,IN,Kolkata,o3,66,0.5,28.1,3.7,909.64
2/17/2017,IN,Kolkata,so2,48,0.5,58.6,7.3,1200.97
2/17/2017,IN,Kolkata,pm25,23,178,344,206,32013.4
2/17/2017,IN,Kolkata,no2,50,4.4,61.1,22,1635.4
2/17/2017,IN,Kolkata,co,50,0.2,55.8,13.2,1467.61
2/17/2017,IN,Kolkata,pm10,50,63,371,127,59966.1
2/17/2017,IN,Kolkata,o3,49,0.5,24.4,2.1,737.1
2/18/2017,IN,Kolkata,so2,30,3.1,78,11.8,3654.77
2/18/2017,IN,Kolkata,pm25,21,158,218,179,1828.57
2/18/2017,IN,Kolkata,no2,36,8.1,49.9,20.9,1298.16
2/18/2017,IN,Kolkata,co,35,2.6,32.6,14,522.94
2/18/2017,IN,Kolkata,pm10,36,56,307,98,62744.3
2/18/2017,IN,Kolkata,o3,32,0.5,26.9,1.5,706.99
2/19/2017,IN,Kolkata,so2,20,0.9,79.9,33.3,7747.22
2/19/2017,IN,Kolkata,pm25,6,180,194,185,315
2/19/2017,IN,Kolkata,no2,27,9.6,38.9,18,684.97
2/19/2017,IN,Kolkata,co,26,3.3,18.1,10.9,178.18
2/19/2017,IN,Kolkata,pm10,26,51,155,80,13004.4
2/19/2017,IN,Kolkata,o3,26,0.5,12.2,3.3,113.5
2/20/2017,IN,Kolkata,so2,37,0.5,74.6,6.9,3618.5
2/20/2017,IN,Kolkata,no2,45,2.6,45.3,13.9,637.24
2/20/2017,IN,Kolkata,co,45,0.4,11.4,4.2,93.84
2/20/2017,IN,Kolkata,pm10,45,45,167,89,11038.4
2/20/2017,IN,Kolkata,o3,46,1.3,19.9,5.7,270.2
2/21/2017,IN,Kolkata,so2,38,0.5,75.1,7.3,2861.63
2/21/2017,IN,Kolkata,pm25,12,151,166,155,262.42
2/21/2017,IN,Kolkata,no2,41,8.1,106.1,13.9,2238.99
2/21/2017,IN,Kolkata,co,36,1.1,15.2,4.7,132.17
2/21/2017,IN,Kolkata,pm10,40,33,181,77,9363.18
2/21/2017,IN,Kolkata,o3,42,2.9,131.1,7.4,3793.26
2/22/2017,IN,Kolkata,so2,57,1.3,31.3,4.8,322.11
2/22/2017,IN,Kolkata,pm25,19,127,156,147,653.86
2/22/2017,IN,Kolkata,no2,57,6.3,21.3,13.2,109.31
2/22/2017,IN,Kolkata,co,56,0.4,15.2,4,145.74
2/22/2017,IN,Kolkata,pm10,57,14,101,62,4951.6
2/22/2017,IN,Kolkata,o3,59,2.9,34.2,7,296.62
2/23/2017,IN,Kolkata,so2,36,0.3,12.6,5.3,86.53
2/23/2017,IN,Kolkata,pm25,5,155,161,158,50
2/23/2017,IN,Kolkata,no2,37,4.4,37.5,15.4,769.12
2/23/2017,IN,Kolkata,co,37,1.1,21,6.2,263.43
2/23/2017,IN,Kolkata,pm10,36,35,142,73,8281.04
2/23/2017,IN,Kolkata,o3,37,1.7,24,8.6,637.82
2/24/2017,IN,Kolkata,so2,54,0.9,216.6,6.9,8546.34
2/24/2017,IN,Kolkata,pm25,19,155,217,163,3783.16
2/24/2017,IN,Kolkata,no2,57,7,130.1,18.7,4041.45
2/24/2017,IN,Kolkata,co,52,0.6,30.4,6.9,579.02
2/24/2017,IN,Kolkata,pm10,57,37,896,86,143376
2/24/2017,IN,Kolkata,o3,55,0.5,324.5,7.4,18800.3
2/25/2017,IN,Kolkata,so2,32,0.5,38.1,9.4,928.33
2/25/2017,IN,Kolkata,pm25,22,139,291,172,21602.9
2/25/2017,IN,Kolkata,no2,33,0.4,38,20.2,930.47
2/25/2017,IN,Kolkata,co,31,1.3,29,8,536.19
2/25/2017,IN,Kolkata,pm10,33,29,184,83,14224.7
2/25/2017,IN,Kolkata,o3,27,0.5,30.6,16.7,1098.6
2/26/2017,IN,Kolkata,so2,47,0.9,36.9,10.6,372.97
2/26/2017,IN,Kolkata,pm25,24,147,238,184,6159.84
2/26/2017,IN,Kolkata,no2,47,1,49.4,19.8,1390.29
2/26/2017,IN,Kolkata,co,47,1.8,38.4,9.3,679.4
2/26/2017,IN,Kolkata,pm10,47,42,344,104,34620.5
2/26/2017,IN,Kolkata,o3,37,0.5,26.9,14,971.41
2/27/2017,IN,Kolkata,so2,55,0.9,56.2,15,2039.64
2/27/2017,IN,Kolkata,pm25,16,164,197,179,1021.29
2/27/2017,IN,Kolkata,no2,55,12.1,40.7,24.9,394.47
2/27/2017,IN,Kolkata,co,55,2.2,17.9,6.9,122.06
2/27/2017,IN,Kolkata,pm10,54,15,357,90,31775.3
2/27/2017,IN,Kolkata,o3,49,0.5,56.2,11.8,1418.49
2/28/2017,IN,Kolkata,so2,58,1.7,25.6,7.8,343.21
2/28/2017,IN,Kolkata,pm25,13,163,331,172,32216.9
2/28/2017,IN,Kolkata,no2,58,8.8,38,20.2,561.12
2/28/2017,IN,Kolkata,co,58,1.7,32.4,8,555.49
2/28/2017,IN,Kolkata,pm10,58,55,156,86,6204.51
2/28/2017,IN,Kolkata,o3,54,0.3,33.3,12.6,890.66
3/1/2017,IN,Kolkata,so2,47,1.3,31.3,7.8,336.01
3/1/2017,IN,Kolkata,pm25,24,152,257,189,8465.22
3/1/2017,IN,Kolkata,no2,47,8.5,46.1,27.1,1020.52
3/1/2017,IN,Kolkata,co,46,0.6,39.8,10.1,946.97
3/1/2017,IN,Kolkata,pm10,46,40,166,99,7619.54
3/1/2017,IN,Kolkata,o3,39,0.5,29.7,11.4,1115.91
3/2/2017,IN,Kolkata,so2,72,0.4,216.6,4.1,6422.65
3/2/2017,IN,Kolkata,pm25,23,157,181,163,668.78
3/2/2017,IN,Kolkata,no2,72,7.4,130.1,19.1,2203.99
3/2/2017,IN,Kolkata,co,70,0.9,18.8,6.6,105.43
3/2/2017,IN,Kolkata,pm10,71,43,896,77,117942
3/2/2017,IN,Kolkata,o3,69,0.5,324.5,7.4,16183.1
3/3/2017,IN,Kolkata,so2,69,1.7,73.1,7.3,1544.76
3/3/2017,IN,Kolkata,pm25,16,149,169,158,314.29
3/3/2017,IN,Kolkata,no2,71,7.4,48.9,17.6,800.96
3/3/2017,IN,Kolkata,co,71,2.8,17.2,6.9,146.43
3/3/2017,IN,Kolkata,pm10,71,42,155,68,6184.06
3/3/2017,IN,Kolkata,o3,68,0.5,31.7,9,527.81
3/4/2017,IN,Kolkata,so2,55,0.1,216.6,4.1,8325.13
3/4/2017,IN,Kolkata,pm25,23,119,174,157,2639.09
3/4/2017,IN,Kolkata,no2,71,7.7,130.1,14,2147.11
3/4/2017,IN,Kolkata,co,68,0.8,23.7,6.9,243.14
3/4/2017,IN,Kolkata,pm10,70,17,896,70,211005
3/4/2017,IN,Kolkata,o3,67,1.7,324.5,10.3,15211.7
3/5/2017,IN,Kolkata,so2,65,0.4,12.9,3.7,50.64
3/5/2017,IN,Kolkata,pm25,13,97,153,129,3662.56
3/5/2017,IN,Kolkata,no2,71,6.6,24.5,13.2,158.74
3/5/2017,IN,Kolkata,co,69,0.4,28.2,6.2,322.56
3/5/2017,IN,Kolkata,pm10,71,9,98,53,3694.73
3/5/2017,IN,Kolkata,o3,65,1.7,305,6.8,13803.6
3/6/2017,IN,Kolkata,so2,71,0.9,14.6,4.9,90.39
3/6/2017,IN,Kolkata,pm25,24,95,186,158,6823.46
3/6/2017,IN,Kolkata,no2,71,5.2,43.9,15.8,666.4
3/6/2017,IN,Kolkata,co,71,0.5,19.3,5.8,145.37
3/6/2017,IN,Kolkata,pm10,71,12,153,64,8956.84
3/6/2017,IN,Kolkata,o3,63,0.5,36.3,5.7,1011.03
3/7/2017,IN,Kolkata,so2,61,2.1,43,7.3,1066.4
3/7/2017,IN,Kolkata,pm25,22,137,262,165,11320.2
3/7/2017,IN,Kolkata,no2,63,9.2,44.8,23.1,722.28
3/7/2017,IN,Kolkata,co,61,0.4,30.4,9.3,510.27
3/7/2017,IN,Kolkata,pm10,63,45,202,99,13138.5
3/7/2017,IN,Kolkata,o3,60,0.5,315.7,11.8,16594.8
3/8/2017,IN,Kolkata,so2,56,0.9,21.9,4.1,187.44
3/8/2017,IN,Kolkata,pm25,23,117,170,151,2165.14
3/8/2017,IN,Kolkata,no2,56,11,35.1,23.1,341.87
3/8/2017,IN,Kolkata,co,55,0.9,22.9,8.2,238.8
3/8/2017,IN,Kolkata,pm10,54,6,117,67,6528.55
3/8/2017,IN,Kolkata,o3,55,0.5,16.7,6.1,104.36
3/9/2017,IN,Kolkata,so2,70,1.7,123.4,4.1,2340.46
3/9/2017,IN,Kolkata,pm25,23,97,158,147,4159.76
3/9/2017,IN,Kolkata,no2,70,7.4,123.9,15.8,1863.59
3/9/2017,IN,Kolkata,co,68,1.1,29,7.1,253.27
3/9/2017,IN,Kolkata,pm10,70,11,340,51,14907.5
3/9/2017,IN,Kolkata,o3,70,0.5,227.1,5.3,7869.86
3/10/2017,IN,Kolkata,so2,61,1.3,14.6,4.1,137.75
3/10/2017,IN,Kolkata,pm25,22,76,173,102,10493.3
3/10/2017,IN,Kolkata,no2,62,8.5,28.3,15.8,196.85
3/10/2017,IN,Kolkata,co,60,0.6,19.6,4.9,201.96
3/10/2017,IN,Kolkata,pm10,61,4,101,46,4976.9
3/10/2017,IN,Kolkata,o3,61,0.5,16.3,5.3,139.01
3/11/2017,IN,Kolkata,so2,58,0.9,17.9,3.7,105.9
3/11/2017,IN,Kolkata,pm25,23,87,185,124,8292.09
3/11/2017,IN,Kolkata,no2,58,8.8,36.6,15,344.62
3/11/2017,IN,Kolkata,co,58,2.2,16,6.7,103.64
3/11/2017,IN,Kolkata,pm10,58,16,113,45,5283.75
3/11/2017,IN,Kolkata,o3,56,0.9,51.8,6.5,917.44
3/12/2017,IN,Kolkata,so2,67,2.1,15.5,4.1,132.81
3/12/2017,IN,Kolkata,pm25,24,112,258,161,9642.32
3/12/2017,IN,Kolkata,no2,67,7,42.1,13.9,399.3
3/12/2017,IN,Kolkata,co,67,0.4,17.8,6.6,151.11
3/12/2017,IN,Kolkata,pm10,67,13,122,53,6336.47
3/12/2017,IN,Kolkata,o3,66,0.1,67.9,9,1753.7
3/13/2017,IN,Kolkata,so2,68,2.1,19.4,5.7,177.84
3/13/2017,IN,Kolkata,pm25,24,124,231,157,6893.9
3/13/2017,IN,Kolkata,no2,68,2.6,32.9,14.3,458.13
3/13/2017,IN,Kolkata,co,66,0.4,18.8,7.3,198.01
3/13/2017,IN,Kolkata,pm10,66,12,151,69,6258.48
3/13/2017,IN,Kolkata,o3,63,0.5,24.8,10.2,497.87
3/14/2017,IN,Kolkata,so2,71,0.5,39.8,3.7,910.67
3/14/2017,IN,Kolkata,pm25,24,157,214,168,2315.2
3/14/2017,IN,Kolkata,no2,72,8.8,44.8,19.1,447.15
3/14/2017,IN,Kolkata,co,72,0.4,31.8,9.4,367.39
3/14/2017,IN,Kolkata,pm10,72,41,175,80,7800.72
3/14/2017,IN,Kolkata,o3,70,0.5,49.8,14.3,1066.48
3/15/2017,IN,Kolkata,so2,68,0.9,75.1,8.2,831.04
3/15/2017,IN,Kolkata,pm25,24,153,224,173,4726.96
3/15/2017,IN,Kolkata,no2,68,1.5,130.1,19.4,2207.9
3/15/2017,IN,Kolkata,co,67,0.4,31.8,9.1,635.2
3/15/2017,IN,Kolkata,pm10,67,5,405,95,30441.4
3/15/2017,IN,Kolkata,o3,63,0.5,125.7,5.7,3051.02
3/16/2017,IN,Kolkata,so2,72,2.5,54.3,5.9,502.88
3/16/2017,IN,Kolkata,pm25,23,153,203,172,2022.49
3/16/2017,IN,Kolkata,no2,72,11.7,47.9,22.6,567.58
3/16/2017,IN,Kolkata,co,72,2,28.2,10.5,306.91
3/16/2017,IN,Kolkata,pm10,72,27,173,86,9778.26
3/16/2017,IN,Kolkata,o3,70,0.5,30.9,3.2,918.42
3/17/2017,IN,Kolkata,so2,71,0.5,14.4,5.7,186.21
3/17/2017,IN,Kolkata,pm25,24,142,191,157,1889.28
3/17/2017,IN,Kolkata,no2,71,5.9,39.8,18.3,491.62
3/17/2017,IN,Kolkata,co,71,1.9,29,7.8,375.97
3/17/2017,IN,Kolkata,pm10,71,16,179,77,12058.9
3/17/2017,IN,Kolkata,o3,67,0.5,26,6,493.2
3/18/2017,IN,Kolkata,so2,68,1.3,15.5,5.7,132.61
3/18/2017,IN,Kolkata,pm25,24,127,167,152,759.13
3/18/2017,IN,Kolkata,no2,68,4.8,36.2,16.9,539.4
3/18/2017,IN,Kolkata,co,68,0.1,11.4,5.1,83.24
3/18/2017,IN,Kolkata,pm10,67,7,104,64,5066.83
3/18/2017,IN,Kolkata,o3,68,1.7,27.3,7.8,570.21
3/19/2017,IN,Kolkata,so2,72,2.1,14.6,4.9,108.81
3/19/2017,IN,Kolkata,pm25,24,129,166,152,1082.88
3/19/2017,IN,Kolkata,no2,72,4.4,28.2,14.1,456.95
3/19/2017,IN,Kolkata,co,71,0.2,16.3,6.7,187.11
3/19/2017,IN,Kolkata,pm10,72,22,132,62,6527.98
3/19/2017,IN,Kolkata,o3,72,0.1,26.1,8.6,400.36
3/20/2017,IN,Kolkata,so2,72,0.5,25.1,4.1,352.92
3/20/2017,IN,Kolkata,pm25,24,132,176,159,1586.67
3/20/2017,IN,Kolkata,no2,72,5.9,24,13.6,237.49
3/20/2017,IN,Kolkata,co,72,1.5,17.2,6,119.91
3/20/2017,IN,Kolkata,pm10,72,9,108,59,6540.37
3/20/2017,IN,Kolkata,o3,72,2.1,27.5,9,274.19
3/21/2017,IN,Kolkata,so2,72,0.5,46.3,5.3,654.56
3/21/2017,IN,Kolkata,pm25,22,144,172,155,555.69
3/21/2017,IN,Kolkata,no2,72,5.2,45.3,14.2,698.96
3/21/2017,IN,Kolkata,co,70,0.4,21,6.9,218.63
3/21/2017,IN,Kolkata,pm10,72,11,144,58,6729
3/21/2017,IN,Kolkata,o3,72,1.3,20.8,9,290.26
3/22/2017,IN,Kolkata,so2,67,0.3,21.5,3.7,163.92
3/22/2017,IN,Kolkata,pm25,24,132,159,153,401.14
3/22/2017,IN,Kolkata,no2,67,4.1,31.9,15.4,457.17
3/22/2017,IN,Kolkata,co,65,0.4,17.4,6,177.67
3/22/2017,IN,Kolkata,pm10,67,3,113,56,7640.59
3/22/2017,IN,Kolkata,o3,67,1.6,97,7.4,1600.76
3/23/2017,IN,Kolkata,so2,68,0.9,23.6,4.1,289.75
3/23/2017,IN,Kolkata,pm25,22,134,158,154,323.74
3/23/2017,IN,Kolkata,no2,69,4.4,24.5,14.3,217.29
3/23/2017,IN,Kolkata,co,69,0.6,19.6,5.8,246.07
3/23/2017,IN,Kolkata,pm10,69,7,215,61,12966.8
3/23/2017,IN,Kolkata,o3,69,2.5,21.6,5.7,369.78
3/24/2017,IN,Kolkata,so2,66,0.5,16.7,4.1,143.72
3/24/2017,IN,Kolkata,pm25,24,132,168,153,992.88
3/24/2017,IN,Kolkata,no2,66,4.8,25.3,15.4,294.43
3/24/2017,IN,Kolkata,co,66,0.4,19.8,5.7,187.33
3/24/2017,IN,Kolkata,pm10,64,1,121,58,8042.62
3/24/2017,IN,Kolkata,o3,66,0.9,47.8,6.5,665.83
3/25/2017,IN,Kolkata,so2,71,1.3,22.9,4.1,236.46
3/25/2017,IN,Kolkata,pm25,23,142,159,154,134.07
3/25/2017,IN,Kolkata,no2,71,5.5,23.4,14.3,210.21
3/25/2017,IN,Kolkata,co,68,1.1,15.2,7.5,160.93
3/25/2017,IN,Kolkata,pm10,69,16,97,56,5128.21
3/25/2017,IN,Kolkata,o3,70,3.3,309.8,11,13005.6
3/26/2017,IN,Kolkata,so2,65,0.5,19.5,3.7,212.53
3/26/2017,IN,Kolkata,pm25,22,127,163,153,582.42
3/26/2017,IN,Kolkata,no2,65,3,19.8,12.5,215.91
3/26/2017,IN,Kolkata,co,65,0.2,21,5.8,160.75
3/26/2017,IN,Kolkata,pm10,65,14,99,56,4800.47
3/26/2017,IN,Kolkata,o3,63,1.3,20.8,10.9,112.96
3/27/2017,IN,Kolkata,so2,64,1.7,52.9,4.1,1840.41
3/27/2017,IN,Kolkata,pm25,24,137,163,153,532.88
3/27/2017,IN,Kolkata,no2,59,4.1,30.4,11.4,433.58
3/27/2017,IN,Kolkata,co,61,0.4,24.6,5.7,146.91
3/27/2017,IN,Kolkata,pm10,60,2,116,61,10290.2
3/27/2017,IN,Kolkata,o3,64,1.7,32.9,7,395.94
3/28/2017,IN,Kolkata,so2,48,0.9,4.5,3.3,5.41
3/28/2017,IN,Kolkata,pm25,23,95,156,129,3132.41
3/28/2017,IN,Kolkata,no2,48,3.7,21.6,12.1,349.18
3/28/2017,IN,Kolkata,co,48,0.6,33.3,5.1,359.23
3/28/2017,IN,Kolkata,pm10,47,30,90,60,3087.24
3/28/2017,IN,Kolkata,o3,48,3.7,18.3,5.7,179.88
3/29/2017,IN,Kolkata,so2,48,0.5,5.7,3.7,10.1
3/29/2017,IN,Kolkata,pm25,24,76,157,114,7095.36
3/29/2017,IN,Kolkata,no2,48,3.7,26,9.9,384.94
3/29/2017,IN,Kolkata,co,48,2.4,17.6,5.5,98.24
3/29/2017,IN,Kolkata,pm10,48,20,96,59,4344.25
3/29/2017,IN,Kolkata,o3,48,2.1,19.9,5.3,284.54
3/30/2017,IN,Kolkata,so2,48,2.1,19.1,4.1,62.93
3/30/2017,IN,Kolkata,pm25,24,68,137,97,2883.89
3/30/2017,IN,Kolkata,no2,47,3.3,23.1,11.7,414.12
3/30/2017,IN,Kolkata,co,48,1.5,16.1,7.3,109.84
3/30/2017,IN,Kolkata,pm10,47,20,84,57,3202.78
3/30/2017,IN,Kolkata,o3,48,1.3,17.1,3.3,133.75
3/31/2017,IN,Kolkata,so2,48,1.7,6.1,3.3,8.43
3/31/2017,IN,Kolkata,pm25,24,76,152,107,4113.46
3/31/2017,IN,Kolkata,no2,48,3,23.8,7,444.83
3/31/2017,IN,Kolkata,co,47,1.5,18.1,5.5,178.22
3/31/2017,IN,Kolkata,pm10,48,9,92,60,3646.79
3/31/2017,IN,Kolkata,o3,48,0.9,16.3,4.9,228.69
4/1/2017,IN,Kolkata,so2,48,2.5,21.9,3.7,72.88
4/1/2017,IN,Kolkata,pm25,24,76,157,112,3853.84
4/1/2017,IN,Kolkata,no2,48,3.7,23.1,10.3,354.34
4/1/2017,IN,Kolkata,co,46,0.4,15.9,5.5,124.35
4/1/2017,IN,Kolkata,pm10,47,21,83,60,2803.68
4/1/2017,IN,Kolkata,o3,48,2.5,12.6,5.3,114.71
4/2/2017,IN,Kolkata,so2,48,0.9,4.9,3.3,7.46
4/2/2017,IN,Kolkata,pm25,24,76,147,102,5212.88
4/2/2017,IN,Kolkata,no2,48,3.7,20.2,8.1,264.98
4/2/2017,IN,Kolkata,co,45,1,14.9,4.4,80.82
4/2/2017,IN,Kolkata,pm10,48,14,83,53,2861.42
4/2/2017,IN,Kolkata,o3,48,3.3,12.2,6.1,69.91
4/3/2017,IN,Kolkata,so2,48,2.1,8.2,3.7,12.88
4/3/2017,IN,Kolkata,pm25,24,80,154,124,7615.2
4/3/2017,IN,Kolkata,no2,48,3,36.6,11,711.34
4/3/2017,IN,Kolkata,co,47,1.7,16.3,5.8,113.74
4/3/2017,IN,Kolkata,pm10,47,25,109,55,4981.57
4/3/2017,IN,Kolkata,o3,48,3.3,23.6,8.6,412.05
4/4/2017,IN,Kolkata,so2,48,1.7,6.9,3.3,11.56
4/4/2017,IN,Kolkata,pm25,24,78,122,97,1680
4/4/2017,IN,Kolkata,no2,48,4.1,26.4,12.1,389.74
4/4/2017,IN,Kolkata,co,44,0.6,14.7,5.1,99.37
4/4/2017,IN,Kolkata,pm10,48,29,87,54,2411.77
4/4/2017,IN,Kolkata,o3,48,2.5,12.2,5.7,73.13
4/5/2017,IN,Kolkata,so2,45,1.3,17.1,3.3,139.8
4/5/2017,IN,Kolkata,pm25,24,68,127,95,2785.63
4/5/2017,IN,Kolkata,no2,38,4.8,23.8,12.5,268.94
4/5/2017,IN,Kolkata,co,41,1.3,25.3,7.6,322.31
4/5/2017,IN,Kolkata,pm10,45,3,109,55,4392.73
4/5/2017,IN,Kolkata,o3,37,2.1,11,4.1,57.69
4/6/2017,IN,Kolkata,so2,56,2.1,27.2,3.7,205.92
4/6/2017,IN,Kolkata,pm25,22,61,137,99,4371.17
4/6/2017,IN,Kolkata,no2,51,3,27.1,9.2,321.13
4/6/2017,IN,Kolkata,co,54,0.6,26.2,5.8,287.01
4/6/2017,IN,Kolkata,pm10,55,7,97,42,3925.17
4/6/2017,IN,Kolkata,o3,48,2.1,9.8,4.1,42.68
4/7/2017,IN,Kolkata,so2,60,0.9,200.5,3.7,13096.8
4/7/2017,IN,Kolkata,pm25,24,76,144,104,5079.35
4/7/2017,IN,Kolkata,no2,43,4.4,21.6,9.2,276.39
4/7/2017,IN,Kolkata,co,59,0.2,25.7,6.7,406.83
4/7/2017,IN,Kolkata,pm10,44,17,128,46,4172.83
4/7/2017,IN,Kolkata,o3,44,2.5,13,4.5,110.69
4/8/2017,IN,Kolkata,so2,21,0.5,4.5,3.7,13.53
4/8/2017,IN,Kolkata,pm25,23,93,160,122,4590.55
4/8/2017,IN,Kolkata,no2,24,4.4,9.6,6.6,24.3
4/8/2017,IN,Kolkata,co,24,0.8,19.6,4.9,246.26
4/8/2017,IN,Kolkata,pm10,24,23,60,46,1257.81
4/8/2017,IN,Kolkata,o3,24,2.5,22,9,194.03
4/9/2017,IN,Kolkata,so2,24,1.7,4.5,2.5,6.79
4/9/2017,IN,Kolkata,pm25,24,95,159,122,3879.71
4/9/2017,IN,Kolkata,no2,24,4.4,8.5,5.5,7.39
4/9/2017,IN,Kolkata,co,23,1.1,14.1,5.5,101.7
4/9/2017,IN,Kolkata,pm10,24,21,77,43,1505.05
4/9/2017,IN,Kolkata,o3,24,4.9,20.8,7.8,255.29
4/10/2017,IN,Kolkata,so2,29,2.5,4.9,3.3,5.86
4/10/2017,IN,Kolkata,pm25,24,89,164,134,5956.45
4/10/2017,IN,Kolkata,no2,29,4.8,86.3,7.4,3550.21
4/10/2017,IN,Kolkata,co,28,0.4,17,3.3,206.92
4/10/2017,IN,Kolkata,pm10,27,17,168,50,15129
4/10/2017,IN,Kolkata,o3,29,3.7,28.1,9.8,637.41
4/11/2017,IN,Kolkata,so2,39,1.3,8.2,4.1,29.89
4/11/2017,IN,Kolkata,pm25,23,99,222,142,8741.5
4/11/2017,IN,Kolkata,no2,41,4.8,47.1,11,1051.04
4/11/2017,IN,Kolkata,co,41,0.4,20.3,4.9,128.78
4/11/2017,IN,Kolkata,pm10,41,39,149,61,5468.01
4/11/2017,IN,Kolkata,o3,41,2.1,30.1,7,884.82
4/12/2017,IN,Kolkata,so2,25,0.5,5.7,2.9,22.23
4/12/2017,IN,Kolkata,pm25,23,117,158,149,1345.89
4/12/2017,IN,Kolkata,no2,25,3.7,33.3,7.4,384.15
4/12/2017,IN,Kolkata,co,25,0.6,11.3,5.3,79.85
4/12/2017,IN,Kolkata,pm10,25,41,110,57,2853.93
4/12/2017,IN,Kolkata,o3,24,6.1,27.3,12.6,378.99
4/13/2017,IN,Kolkata,so2,26,0.5,9,2.9,42.56
4/13/2017,IN,Kolkata,pm25,24,107,153,134,1432.01
4/13/2017,IN,Kolkata,no2,24,3.7,13.9,6.3,88.74
4/13/2017,IN,Kolkata,co,23,1.9,36.9,6.4,947.25
4/13/2017,IN,Kolkata,pm10,24,36,67,53,700.71
4/13/2017,IN,Kolkata,o3,24,7.4,19.5,10.2,189.07
4/14/2017,IN,Kolkata,so2,33,1.3,19.5,2.9,91.5
4/14/2017,IN,Kolkata,pm25,24,93,144,117,1678.68
4/14/2017,IN,Kolkata,no2,32,4.8,60.6,7.7,1737.69
4/14/2017,IN,Kolkata,co,40,1.5,35.5,5.3,857.65
4/14/2017,IN,Kolkata,pm10,37,11,157,53,12034.5
4/14/2017,IN,Kolkata,o3,37,1.7,22,10.2,362.09
4/15/2017,IN,Kolkata,so2,49,0.9,216.6,2.9,9327.25
4/15/2017,IN,Kolkata,pm25,24,91,163,114,3520.85
4/15/2017,IN,Kolkata,no2,49,4.4,130.1,11.7,3240.54
4/15/2017,IN,Kolkata,co,71,0.4,57.1,6,562.67
4/15/2017,IN,Kolkata,pm10,72,32,896,65,99313.2
4/15/2017,IN,Kolkata,o3,65,0.5,125.7,4.1,2482.75
4/16/2017,IN,Kolkata,so2,48,1.7,4.9,2.5,7.15
4/16/2017,IN,Kolkata,pm25,24,57,137,76,4246.01
4/16/2017,IN,Kolkata,no2,48,3.7,20.2,8.5,210.77
4/16/2017,IN,Kolkata,co,72,0.4,13.1,4.4,65.37
4/16/2017,IN,Kolkata,pm10,72,11,110,41,5846.52
4/16/2017,IN,Kolkata,o3,68,1.7,62.9,3.7,1465.04
4/17/2017,IN,Kolkata,so2,47,0.9,12.6,3.3,35.99
4/17/2017,IN,Kolkata,pm25,23,78,163,139,8140.4
4/17/2017,IN,Kolkata,no2,48,4.1,30.8,13.6,556.96
4/17/2017,IN,Kolkata,co,72,0.4,23.9,6.6,253.49
4/17/2017,IN,Kolkata,pm10,71,1,118,66,5797.53
4/17/2017,IN,Kolkata,o3,68,1.7,29.3,7,633.2
4/18/2017,IN,Kolkata,so2,48,0.5,11.4,3.3,64.05
4/18/2017,IN,Kolkata,pm25,23,80,134,109,2154.55
4/18/2017,IN,Kolkata,no2,56,4.4,81.3,13.2,1983.06
4/18/2017,IN,Kolkata,co,72,0.8,21.7,5.8,136.37
4/18/2017,IN,Kolkata,pm10,72,20,124,60,3675.49
4/18/2017,IN,Kolkata,o3,72,1.7,26.4,4.9,253.15
4/19/2017,IN,Kolkata,so2,48,0.5,10.2,3.7,74.58
4/19/2017,IN,Kolkata,pm25,24,107,158,134,2407.66
4/19/2017,IN,Kolkata,no2,54,4.6,110.3,13.2,2016.98
4/19/2017,IN,Kolkata,co,72,0.4,18.7,6.2,116.39
4/19/2017,IN,Kolkata,pm10,71,12,757,76,275488
4/19/2017,IN,Kolkata,o3,72,1.7,20.8,5.7,107.01
4/20/2017,IN,Kolkata,so2,56,0.9,45.1,4.1,425.3
4/20/2017,IN,Kolkata,pm25,24,72,142,104,4826.36
4/20/2017,IN,Kolkata,no2,54,6.6,93.6,13.9,2797.8
4/20/2017,IN,Kolkata,co,72,0.6,49.9,5.7,557.07
4/20/2017,IN,Kolkata,pm10,71,21,115,62,5378.26
4/20/2017,IN,Kolkata,o3,68,2.9,40.3,8.6,773.07
4/21/2017,IN,Kolkata,so2,72,1.3,21.5,8.2,374.43
4/21/2017,IN,Kolkata,pm25,22,93,155,134,1876.8
4/21/2017,IN,Kolkata,no2,72,7,48.6,16.9,1046.03
4/21/2017,IN,Kolkata,co,72,0.4,21.5,5.7,256.45
4/21/2017,IN,Kolkata,pm10,72,30,128,83,3922.91
4/21/2017,IN,Kolkata,o3,69,2.1,80.3,6.1,5019.93
4/22/2017,IN,Kolkata,so2,71,0.5,54.2,4.1,2078.76
4/22/2017,IN,Kolkata,pm25,24,78,152,124,3497.37
4/22/2017,IN,Kolkata,no2,72,5.9,46.1,16.1,890.62
4/22/2017,IN,Kolkata,co,72,0.2,14.1,5.3,96.68
4/22/2017,IN,Kolkata,pm10,72,19,101,68,2342.75
4/22/2017,IN,Kolkata,o3,48,2.9,11.4,6.1,50.99
4/23/2017,IN,Kolkata,so2,70,0.5,36.7,4.1,1562.51
4/23/2017,IN,Kolkata,pm25,24,95,168,144,3783.03
4/23/2017,IN,Kolkata,no2,72,8.8,64.2,18.3,1064.46
4/23/2017,IN,Kolkata,co,72,0.4,15.9,5.8,91.86
4/23/2017,IN,Kolkata,pm10,72,16,105,66,5381.45
4/23/2017,IN,Kolkata,o3,48,0.9,14.3,5.3,135.86
4/24/2017,IN,Kolkata,so2,72,1.3,36.5,4.9,1028.77
4/24/2017,IN,Kolkata,pm25,24,93,159,129,4217.81
4/24/2017,IN,Kolkata,no2,72,8.1,68.1,16,1169.16
4/24/2017,IN,Kolkata,co,72,1.1,15.5,6.2,101.14
4/24/2017,IN,Kolkata,pm10,71,8,110,61,5484.53
4/24/2017,IN,Kolkata,o3,58,2.9,20.4,7.8,158.07
4/25/2017,IN,Kolkata,so2,69,0.9,35.9,4.1,892.13
4/25/2017,IN,Kolkata,pm25,23,109,160,147,2138.74
4/25/2017,IN,Kolkata,no2,69,7,23.1,14.7,169.35
4/25/2017,IN,Kolkata,co,69,1.9,19.2,5.8,134.65
4/25/2017,IN,Kolkata,pm10,68,20,135,74,6360.32
4/25/2017,IN,Kolkata,o3,69,2.9,23.6,9.4,285.15
4/26/2017,IN,Kolkata,so2,72,1.3,22.3,7.3,587.31
4/26/2017,IN,Kolkata,pm25,24,102,163,152,2224.28
4/26/2017,IN,Kolkata,no2,72,9.6,49.9,14.7,243.29
4/26/2017,IN,Kolkata,co,72,0.8,14.7,5.8,112.8
4/26/2017,IN,Kolkata,pm10,72,3,128,72,8070.7
4/26/2017,IN,Kolkata,o3,72,3.3,27.7,8.2,502.62
4/27/2017,IN,Kolkata,so2,67,0.5,80.4,4.9,1565.41
4/27/2017,IN,Kolkata,pm25,24,132,155,144,379.84
4/27/2017,IN,Kolkata,no2,72,6.3,107,12.8,1379.04
4/27/2017,IN,Kolkata,co,72,0.4,19.6,5.7,222.14
4/27/2017,IN,Kolkata,pm10,72,12,896,75,101375
4/27/2017,IN,Kolkata,o3,72,3.7,128.4,8.2,2218.73
4/28/2017,IN,Kolkata,so2,48,0.9,9.8,3.3,72.32
4/28/2017,IN,Kolkata,pm25,23,107,161,144,2754.03
4/28/2017,IN,Kolkata,no2,72,5.5,20.6,13.6,150.95
4/28/2017,IN,Kolkata,co,72,0.2,18.8,6,98.56
4/28/2017,IN,Kolkata,pm10,67,20,154,84,7509.01
4/28/2017,IN,Kolkata,o3,70,2.1,292.3,9,51499.4
4/29/2017,IN,Kolkata,so2,47,0.5,9.4,3.7,62.33
4/29/2017,IN,Kolkata,pm25,6,114,144,119,1390.67
4/29/2017,IN,Kolkata,no2,72,7.4,21.5,12.1,93.47
4/29/2017,IN,Kolkata,co,71,0.2,13.5,5.7,96.72
4/29/2017,IN,Kolkata,pm10,56,2,309,77,23387.5
4/29/2017,IN,Kolkata,o3,67,4.1,49.8,8.6,1259.58
4/30/2017,IN,Kolkata,so2,48,0.5,9,3.3,50.19
4/30/2017,IN,Kolkata,no2,72,5.5,17.6,11,86.95
4/30/2017,IN,Kolkata,co,72,0.4,20.3,5.5,123.87
4/30/2017,IN,Kolkata,pm10,72,7,719,68,125907
4/30/2017,IN,Kolkata,o3,48,4.5,14.3,6.5,69.39
5/1/2017,IN,Kolkata,so2,48,0.5,5.3,2.9,13.24
5/1/2017,IN,Kolkata,pm25,4,99,139,119,3089.17
5/1/2017,IN,Kolkata,no2,72,8.5,23.8,13.2,123.21
5/1/2017,IN,Kolkata,co,72,0.4,11.8,5.7,56.1
5/1/2017,IN,Kolkata,pm10,72,3,729,57,155466
5/1/2017,IN,Kolkata,o3,48,4.1,16.3,10.2,83.11
5/2/2017,IN,Kolkata,so2,47,0.5,6.5,3.7,31.57
5/2/2017,IN,Kolkata,pm25,23,85,152,107,3831.58
5/2/2017,IN,Kolkata,no2,72,6.3,29.3,12.8,277.98
5/2/2017,IN,Kolkata,co,72,1.3,19.4,7.3,140.62
5/2/2017,IN,Kolkata,pm10,72,6,564,53,84034.9
5/2/2017,IN,Kolkata,o3,54,1.7,19.5,11.8,166.34
5/3/2017,IN,Kolkata,so2,48,0.5,11.4,2.9,38.41
5/3/2017,IN,Kolkata,pm25,24,102,151,119,2199.4
5/3/2017,IN,Kolkata,no2,72,7.4,25.3,15,174.57
5/3/2017,IN,Kolkata,co,72,0.4,19.6,5.7,185.21
5/3/2017,IN,Kolkata,pm10,72,3,133,63,8928.96
5/3/2017,IN,Kolkata,o3,72,0.9,30.5,7.4,529.26
5/4/2017,IN,Kolkata,so2,53,0.5,114.1,3.3,2785.41
5/4/2017,IN,Kolkata,pm25,24,99,153,127,3673.84
5/4/2017,IN,Kolkata,no2,72,5.3,23.7,14.7,131.18
5/4/2017,IN,Kolkata,co,72,1.7,13.6,6.4,60.51
5/4/2017,IN,Kolkata,pm10,72,14,166,65,9677.46
5/4/2017,IN,Kolkata,o3,72,1.3,26.9,7.4,508.74
5/5/2017,IN,Kolkata,so2,58,1.3,19.5,7.6,208.4
5/5/2017,IN,Kolkata,pm25,24,85,137,117,2041.67
5/5/2017,IN,Kolkata,no2,72,6.3,23.8,13.9,152.34
5/5/2017,IN,Kolkata,co,72,0.4,17.6,4.7,137.87
5/5/2017,IN,Kolkata,pm10,72,5,162,62,12354.5
5/5/2017,IN,Kolkata,o3,72,1.3,21.2,7,302.89
5/6/2017,IN,Kolkata,so2,72,1.3,22.7,6.1,224.84
5/6/2017,IN,Kolkata,pm25,24,72,122,91,1123.75
5/6/2017,IN,Kolkata,no2,72,6.3,19.4,12.8,77.41
5/6/2017,IN,Kolkata,co,72,0.8,39.8,4.7,392.33
5/6/2017,IN,Kolkata,pm10,72,2,168,56,13940.9
5/6/2017,IN,Kolkata,o3,72,1.7,16.3,7,178.92
5/7/2017,IN,Kolkata,so2,72,0.9,12,6.1,61.52
5/7/2017,IN,Kolkata,pm25,23,80,152,114,5161.46
5/7/2017,IN,Kolkata,no2,72,0.4,21.6,13.9,123.48
5/7/2017,IN,Kolkata,co,72,1.7,25.3,5.7,193.86
5/7/2017,IN,Kolkata,pm10,72,5,135,54,8539.84
5/7/2017,IN,Kolkata,o3,72,0.5,181.2,9.8,4822.7
5/8/2017,IN,Kolkata,so2,72,1.7,17.1,7.3,85.31
5/8/2017,IN,Kolkata,pm25,24,61,102,89,1003.75
5/8/2017,IN,Kolkata,no2,72,5.2,20.2,11.7,116.1
5/8/2017,IN,Kolkata,co,72,0.6,16.3,4.6,73.54
5/8/2017,IN,Kolkata,pm10,72,3,171,53,11022.5
5/8/2017,IN,Kolkata,o3,72,2.9,210.6,6.5,19377.7
5/9/2017,IN,Kolkata,so2,69,2.1,24.8,8.2,132.91
5/9/2017,IN,Kolkata,pm25,24,82,152,102,3117.32
5/9/2017,IN,Kolkata,no2,72,10.7,31.1,15.8,135.52
5/9/2017,IN,Kolkata,co,72,0.6,15.2,4.4,122.42
5/9/2017,IN,Kolkata,pm10,72,2,734,57,94745.5
5/9/2017,IN,Kolkata,o3,72,4.5,17.9,10.2,105.25
5/10/2017,IN,Kolkata,so2,72,1.7,12.6,6.5,50.69
5/10/2017,IN,Kolkata,pm25,24,68,173,99,5941.45
5/10/2017,IN,Kolkata,no2,72,9.9,38.4,17.4,278.48
5/10/2017,IN,Kolkata,co,72,0.2,36.9,5.3,303.77
5/10/2017,IN,Kolkata,pm10,72,4,141,53,5783.56
5/10/2017,IN,Kolkata,o3,72,3.3,21.2,9,248.88
5/11/2017,IN,Kolkata,so2,72,2.5,17.9,6.1,100.39
5/11/2017,IN,Kolkata,pm25,23,59,129,87,3547.55
5/11/2017,IN,Kolkata,no2,72,3.2,24.9,15.8,141.44
5/11/2017,IN,Kolkata,co,72,0.4,20.3,5.5,168.93
5/11/2017,IN,Kolkata,pm10,71,1,536,57,70853.8
5/11/2017,IN,Kolkata,o3,65,0.9,19.5,4.5,358
5/12/2017,IN,Kolkata,so2,72,2.1,31.3,6.1,233.35
5/12/2017,IN,Kolkata,pm25,22,80,142,107,2611.19
5/12/2017,IN,Kolkata,no2,72,10.7,37.3,17.6,412.33
5/12/2017,IN,Kolkata,co,72,0.8,29,5.5,136.57
5/12/2017,IN,Kolkata,pm10,72,5,308,58,14473.5
5/12/2017,IN,Kolkata,o3,52,0.5,25.2,13,493.87
5/13/2017,IN,Kolkata,so2,72,2.9,25.2,6.9,143.04
5/13/2017,IN,Kolkata,pm25,24,63,132,95,5339.71
5/13/2017,IN,Kolkata,no2,72,2.8,47.2,15.8,680.17
5/13/2017,IN,Kolkata,co,72,0.8,21.2,5.3,96.28
5/13/2017,IN,Kolkata,pm10,72,12,283,60,17516.2
5/13/2017,IN,Kolkata,o3,72,0.5,36.2,4.1,483.81
5/14/2017,IN,Kolkata,so2,72,0.5,21.5,6.1,81.56
5/14/2017,IN,Kolkata,pm25,24,93,142,122,1535.65
5/14/2017,IN,Kolkata,no2,72,9.9,36.5,18.3,302.89
5/14/2017,IN,Kolkata,co,72,0.2,17.8,5.3,108.68
5/14/2017,IN,Kolkata,pm10,72,1,145,61,6913.36
5/14/2017,IN,Kolkata,o3,71,4.1,31.3,9,363.97
5/15/2017,IN,Kolkata,so2,72,1.7,14.6,6.1,81.59
5/15/2017,IN,Kolkata,pm25,24,61,129,95,2997.37
5/15/2017,IN,Kolkata,no2,72,5.1,28.1,13.9,141.37
5/15/2017,IN,Kolkata,co,72,1.3,15.6,5.3,117.69
5/15/2017,IN,Kolkata,pm10,72,7,167,58,5540.65
5/15/2017,IN,Kolkata,o3,72,0.5,38.2,5.7,498.75
5/16/2017,IN,Kolkata,so2,72,0.9,10.3,6.1,43.78
5/16/2017,IN,Kolkata,pm25,24,53,152,93,5324.93
5/16/2017,IN,Kolkata,no2,72,5.9,44.8,15.4,380.96
5/16/2017,IN,Kolkata,co,72,0.8,42.7,4.9,382.21
5/16/2017,IN,Kolkata,pm10,72,1,95,44,5996.32
5/16/2017,IN,Kolkata,o3,72,0.9,311.8,10.2,14823.3
5/17/2017,IN,Kolkata,so2,72,3.3,48.2,5.7,568.28
5/17/2017,IN,Kolkata,pm25,24,93,158,127,6654.76
5/17/2017,IN,Kolkata,no2,72,8.8,44.8,14.3,502.97
5/17/2017,IN,Kolkata,co,72,1.7,16.7,5.8,111.16
5/17/2017,IN,Kolkata,pm10,72,3,398,66,30070.7
5/17/2017,IN,Kolkata,o3,62,2.5,291.3,9.4,58127.6
5/18/2017,IN,Kolkata,so2,72,1.3,77,6.5,1493.26
5/18/2017,IN,Kolkata,pm25,24,63,160,124,7540.22
5/18/2017,IN,Kolkata,no2,72,9.6,28.2,16.5,203.85
5/18/2017,IN,Kolkata,co,72,0.2,22.5,5.8,173.98
5/18/2017,IN,Kolkata,pm10,72,5,236,63,12850.4
5/18/2017,IN,Kolkata,o3,59,0.9,37,9.4,485.2
5/19/2017,IN,Kolkata,so2,69,1.7,96.7,8.6,6305.39
5/19/2017,IN,Kolkata,pm25,24,99,152,119,2466.3
5/19/2017,IN,Kolkata,no2,69,8.1,28.9,16.5,181.65
5/19/2017,IN,Kolkata,co,68,0.7,17.2,5.3,111.12
5/19/2017,IN,Kolkata,pm10,69,25,129,63,4908.52
5/19/2017,IN,Kolkata,o3,69,2.5,35.8,10.2,785.36
5/20/2017,IN,Kolkata,so2,54,5.3,105.7,12.6,10464.6
5/20/2017,IN,Kolkata,pm25,24,107,157,132,3240.8
5/20/2017,IN,Kolkata,no2,55,8.5,25.3,15.4,163.14
5/20/2017,IN,Kolkata,co,55,1,17.8,5.8,166.17
5/20/2017,IN,Kolkata,pm10,55,25,252,82,15216.8
5/20/2017,IN,Kolkata,o3,55,2.5,28.9,8.6,376.85
5/21/2017,IN,Kolkata,so2,67,4.1,93.9,10,5689.21
5/21/2017,IN,Kolkata,pm25,24,109,163,132,2521.09
5/21/2017,IN,Kolkata,no2,70,7,38.9,15.4,439.82
5/21/2017,IN,Kolkata,co,70,0.6,14,5.3,93.95
5/21/2017,IN,Kolkata,pm10,70,21,136,67,6893.59
5/21/2017,IN,Kolkata,o3,70,0.9,24,10.2,337.28
5/22/2017,IN,Kolkata,so2,67,3.3,83.8,11.8,4805.09
5/22/2017,IN,Kolkata,pm25,23,99,152,132,1991.78
5/22/2017,IN,Kolkata,no2,67,7,30.4,13.2,134.51
5/22/2017,IN,Kolkata,co,67,1.3,19.1,4.9,151.27
5/22/2017,IN,Kolkata,pm10,67,2,379,63,26063
5/22/2017,IN,Kolkata,o3,67,4.1,18.3,8.6,177.31
5/23/2017,IN,Kolkata,so2,66,0.9,30,6.9,334.05
5/23/2017,IN,Kolkata,pm25,24,91,153,132,2893.03
5/23/2017,IN,Kolkata,no2,66,7,24.2,15.8,121.54
5/23/2017,IN,Kolkata,co,66,0.8,12.7,5.3,64.98
5/23/2017,IN,Kolkata,pm10,66,16,230,68,11005.3
5/23/2017,IN,Kolkata,o3,66,1.7,18.3,9.8,167.22
5/24/2017,IN,Kolkata,so2,57,1.7,11.4,6.1,46.76
5/24/2017,IN,Kolkata,pm25,24,91,139,117,1404.33
5/24/2017,IN,Kolkata,no2,59,4.3,22,12.8,113.17
5/24/2017,IN,Kolkata,co,59,0.2,11.5,5.5,38.41
5/24/2017,IN,Kolkata,pm10,59,15,129,71,6399.96
5/24/2017,IN,Kolkata,o3,59,1.7,15.9,5.7,167.45
5/25/2017,IN,Kolkata,so2,72,1.7,12.6,6.1,41.49
5/25/2017,IN,Kolkata,pm25,24,82,151,104,3380.42
5/25/2017,IN,Kolkata,no2,72,7.7,18.3,13.2,61.41
5/25/2017,IN,Kolkata,co,72,0.2,19.8,4.6,128.32
5/25/2017,IN,Kolkata,pm10,72,20,137,61,6783.71
5/25/2017,IN,Kolkata,o3,72,1.7,16.7,6.1,155.14
5/26/2017,IN,Kolkata,so2,72,0.5,17.9,6.5,52.85
5/26/2017,IN,Kolkata,pm25,24,70,117,87,1653.84
5/26/2017,IN,Kolkata,no2,72,0.6,18.3,12.1,141.01
5/26/2017,IN,Kolkata,co,72,0.4,14.7,5.1,79.87
5/26/2017,IN,Kolkata,pm10,72,8,234,51,16408.2
5/26/2017,IN,Kolkata,o3,72,0.5,31.7,4.5,331.55
5/27/2017,IN,Kolkata,so2,72,2.1,22.3,6.1,134.6
5/27/2017,IN,Kolkata,pm25,24,70,152,102,5262.83
5/27/2017,IN,Kolkata,no2,72,7.5,24.9,14.5,164.26
5/27/2017,IN,Kolkata,co,72,0.2,32.6,5.1,299.39
5/27/2017,IN,Kolkata,pm10,72,7,111,53,4433.57
5/27/2017,IN,Kolkata,o3,70,0.5,23.2,12.6,389.16
5/28/2017,IN,Kolkata,so2,70,1.7,18.7,6.1,96.64
5/28/2017,IN,Kolkata,pm25,24,87,158,97,5406.07
5/28/2017,IN,Kolkata,no2,72,4.6,41.6,13.6,359.65
5/28/2017,IN,Kolkata,co,72,0.4,23.2,4.9,185.66
5/28/2017,IN,Kolkata,pm10,72,10,98,50,4200.16
5/28/2017,IN,Kolkata,o3,72,0.5,15.9,4.9,238.32
5/29/2017,IN,Kolkata,so2,72,0.5,15.9,6.8,125.69
5/29/2017,IN,Kolkata,pm25,23,89,157,127,5712.49
5/29/2017,IN,Kolkata,no2,54,9.2,43.9,19.4,804.03
5/29/2017,IN,Kolkata,co,72,1.3,29.7,6.6,310.17
5/29/2017,IN,Kolkata,pm10,72,10,111,56,6494.17
5/29/2017,IN,Kolkata,o3,72,0.5,22.8,9,543.13
5/30/2017,IN,Kolkata,so2,72,4.5,216.6,8.7,65003.8
5/30/2017,IN,Kolkata,pm25,24,65,157,102,5991.58
5/30/2017,IN,Kolkata,no2,72,1.1,130.1,21.4,18888.1
5/30/2017,IN,Kolkata,co,72,0.4,43.4,6.6,424.8
5/30/2017,IN,Kolkata,pm10,72,17,896,55,1090330
5/30/2017,IN,Kolkata,o3,71,0.5,324.5,9.4,152801
5/31/2017,IN,Kolkata,so2,61,3.3,16.7,8.8,83.64
5/31/2017,IN,Kolkata,pm25,24,87,152,119,3866.67
5/31/2017,IN,Kolkata,no2,61,13.2,95.4,25.5,2214.97
5/31/2017,IN,Kolkata,co,61,0.2,21.2,6.6,173.82
5/31/2017,IN,Kolkata,pm10,60,17,116,61,5370.54
5/31/2017,IN,Kolkata,o3,58,0.5,286,7.8,33547.6
6/1/2017,IN,Kolkata,so2,72,4.1,13.7,8.6,73.03
6/1/2017,IN,Kolkata,pm25,23,93,134,104,1140.4
6/1/2017,IN,Kolkata,no2,68,8.1,29.3,13.6,219.43
6/1/2017,IN,Kolkata,co,72,1.3,19.6,5.3,171.66
6/1/2017,IN,Kolkata,pm10,72,24,232,65,14282.7
6/1/2017,IN,Kolkata,o3,56,1.3,299.1,9.4,39513.2
6/2/2017,IN,Kolkata,so2,59,3.7,12.6,5.7,43.85
6/2/2017,IN,Kolkata,pm25,24,63,132,107,2485.8
6/2/2017,IN,Kolkata,no2,44,5.9,31.5,15.8,231.43
6/2/2017,IN,Kolkata,co,63,0.2,16.1,6.4,138.11
6/2/2017,IN,Kolkata,pm10,63,2,101,54,4623.18
6/2/2017,IN,Kolkata,o3,54,1.3,199.4,7.8,13585.8
6/3/2017,IN,Kolkata,so2,67,3.7,12.2,9.4,62.76
6/3/2017,IN,Kolkata,pm25,24,82,134,104,1646.67
6/3/2017,IN,Kolkata,no2,67,4.8,22.8,13.6,132.08
6/3/2017,IN,Kolkata,co,67,0.6,19.6,5.3,222.06
6/3/2017,IN,Kolkata,pm10,67,23,191,69,9359.41
6/3/2017,IN,Kolkata,o3,52,2.9,42.6,7.8,569.1
6/4/2017,IN,Kolkata,so2,48,1.7,15.9,10.6,53.97
6/4/2017,IN,Kolkata,pm25,24,76,117,93,959.55
6/4/2017,IN,Kolkata,no2,48,6.3,23.7,14.7,139.98
6/4/2017,IN,Kolkata,co,47,0.2,13,5.3,75.93
6/4/2017,IN,Kolkata,pm10,48,30,142,63,6096.59
6/4/2017,IN,Kolkata,o3,48,3.3,16.3,5.7,155.79
6/5/2017,IN,Kolkata,so2,58,0.5,13,7.4,114.55
6/5/2017,IN,Kolkata,pm25,24,74,139,97,2816.79
6/5/2017,IN,Kolkata,no2,58,4.8,29.1,13.6,314.5
6/5/2017,IN,Kolkata,co,58,2.8,17.8,5.7,205.03
6/5/2017,IN,Kolkata,pm10,58,33,180,64,12547.1
6/5/2017,IN,Kolkata,o3,48,4.5,24.8,10.2,352.36
6/6/2017,IN,Kolkata,so2,67,2.9,14.5,7.8,64.98
6/6/2017,IN,Kolkata,pm25,24,65,152,87,5184.76
6/6/2017,IN,Kolkata,no2,67,7.4,43.5,14.7,543.53
6/6/2017,IN,Kolkata,co,67,2.2,16.3,5.5,84.01
6/6/2017,IN,Kolkata,pm10,67,14,308,57,21811.1
6/6/2017,IN,Kolkata,o3,50,5.7,264.1,13,24941.7
6/7/2017,IN,Kolkata,so2,69,1.7,75.1,7.3,751.57
6/7/2017,IN,Kolkata,pm25,24,78,153,97,3724.28
6/7/2017,IN,Kolkata,no2,69,1.1,106.3,13.9,1760.71
6/7/2017,IN,Kolkata,co,67,0.4,11.8,4.7,66.34
6/7/2017,IN,Kolkata,pm10,69,15,230,63,16272.6
6/7/2017,IN,Kolkata,o3,45,1.7,25.2,10.6,341.36
6/8/2017,IN,Kolkata,so2,62,3.3,14.2,6.9,121.73
6/8/2017,IN,Kolkata,pm25,24,74,119,99,1345.49
6/8/2017,IN,Kolkata,no2,62,8.5,36.2,13.9,458.18
6/8/2017,IN,Kolkata,co,62,0.4,15.2,4.4,80.35
6/8/2017,IN,Kolkata,pm10,62,20,185,62,16125.1
6/8/2017,IN,Kolkata,o3,42,0.9,264.1,6.1,58442
6/9/2017,IN,Kolkata,so2,72,2.5,15,9,119.68
6/9/2017,IN,Kolkata,pm25,24,61,122,80,2390.36
6/9/2017,IN,Kolkata,no2,72,4.4,39.2,16.5,592.27
6/9/2017,IN,Kolkata,co,72,2.2,21,5.3,150.12
6/9/2017,IN,Kolkata,pm10,72,4,143,53,9591.42
6/9/2017,IN,Kolkata,o3,48,0.9,11,3.7,67.37
6/10/2017,IN,Kolkata,so2,72,2.5,16.7,8.6,120.43
6/10/2017,IN,Kolkata,pm25,24,63,119,78,1803.19
6/10/2017,IN,Kolkata,no2,72,7,38,14.3,362.78
6/10/2017,IN,Kolkata,co,72,0.2,9.6,5.3,44.83
6/10/2017,IN,Kolkata,pm10,72,6,126,50,5666.73
6/10/2017,IN,Kolkata,o3,48,1.7,13.9,6.1,100.81
6/11/2017,IN,Kolkata,so2,72,2.9,157.9,6.1,3219.3
6/11/2017,IN,Kolkata,pm25,23,46,93,70,1135.1
6/11/2017,IN,Kolkata,no2,69,6.6,130.1,12.5,2217.57
6/11/2017,IN,Kolkata,co,67,0.8,22.5,4.4,150.77
6/11/2017,IN,Kolkata,pm10,72,7,392,37,22518.7
6/11/2017,IN,Kolkata,o3,48,2.5,11.4,6.5,49.53
6/12/2017,IN,Kolkata,so2,72,2.1,13.4,6.1,77.23
6/12/2017,IN,Kolkata,pm25,24,57,132,82,3145.14
6/12/2017,IN,Kolkata,no2,55,8.1,68.6,13.9,1599.35
6/12/2017,IN,Kolkata,co,70,0.2,31.8,5.1,316.24
6/12/2017,IN,Kolkata,pm10,72,9,134,39,7392.11
6/12/2017,IN,Kolkata,o3,48,2.1,14.7,5.7,88.11
6/13/2017,IN,Kolkata,so2,72,2.9,13.8,7.3,69.89
6/13/2017,IN,Kolkata,pm25,22,93,159,151,3355.41
6/13/2017,IN,Kolkata,no2,72,7,57.7,22.7,1201.69
6/13/2017,IN,Kolkata,co,72,0.4,13.6,5.7,64.47
6/13/2017,IN,Kolkata,pm10,72,16,115,71,4502.25
6/13/2017,IN,Kolkata,o3,55,0.5,33.3,9.8,646.83
6/14/2017,IN,Kolkata,so2,72,3.7,15.5,6.2,104.02
6/14/2017,IN,Kolkata,pm25,24,63,99,80,946.5
6/14/2017,IN,Kolkata,no2,72,6.3,67.5,13.7,629.86
6/14/2017,IN,Kolkata,co,72,1.1,10.9,4.2,45.38
6/14/2017,IN,Kolkata,pm10,72,3,163,53,10970.4
6/14/2017,IN,Kolkata,o3,72,1.7,42,9,294.6
6/15/2017,IN,Kolkata,so2,72,2.1,216.6,8.6,76781.8
6/15/2017,IN,Kolkata,pm25,24,25,76,61,1080.58
6/15/2017,IN,Kolkata,no2,72,7,130.1,12.8,24174.5
6/15/2017,IN,Kolkata,co,72,0.2,35.5,4,220.43
6/15/2017,IN,Kolkata,pm10,72,3,896,28,1317850
6/15/2017,IN,Kolkata,o3,68,1.7,324.5,9.8,176654
6/16/2017,IN,Kolkata,so2,72,4.5,176.5,10.6,3900.33
6/16/2017,IN,Kolkata,pm25,24,57,160,139,11565.8
6/16/2017,IN,Kolkata,no2,72,7.4,130.1,15.8,1994.26
6/16/2017,IN,Kolkata,co,72,0.1,13.6,5.3,100
6/16/2017,IN,Kolkata,pm10,72,8,405,61,22926.9
6/16/2017,IN,Kolkata,o3,69,2.9,287.9,11.4,11351.6
6/17/2017,IN,Kolkata,so2,72,4.5,14.6,7.9,64.5
6/17/2017,IN,Kolkata,pm25,24,87,151,134,3819.71
6/17/2017,IN,Kolkata,no2,72,9.6,31.1,16.1,257.54
6/17/2017,IN,Kolkata,co,72,0.4,16.1,5.1,104.55
6/17/2017,IN,Kolkata,pm10,72,25,444,69,30684.2
6/17/2017,IN,Kolkata,o3,72,7.4,72.2,17.5,4312.48
6/18/2017,IN,Kolkata,so2,72,4.5,16.7,8.6,48.85
6/18/2017,IN,Kolkata,pm25,24,82,144,107,2918.84
6/18/2017,IN,Kolkata,no2,72,8.8,26,14.7,129.89
6/18/2017,IN,Kolkata,co,72,0.4,31.8,4.2,285.63
6/18/2017,IN,Kolkata,pm10,72,11,537,61,91558.4
6/18/2017,IN,Kolkata,o3,72,5.7,78.8,17.1,5846.65
6/19/2017,IN,Kolkata,so2,72,4.5,15,7.8,79.48
6/19/2017,IN,Kolkata,pm25,24,80,144,104,3086.67
6/19/2017,IN,Kolkata,no2,72,5.9,30.1,15.4,264.42
6/19/2017,IN,Kolkata,co,70,0.4,23.9,4,163.32
6/19/2017,IN,Kolkata,pm10,72,5,396,70,76542.8
6/19/2017,IN,Kolkata,o3,62,5.3,191.6,17.5,10756.8
6/20/2017,IN,Kolkata,so2,72,3.3,120.6,7.8,1819.83
6/20/2017,IN,Kolkata,pm25,23,55,142,89,5173.91
6/20/2017,IN,Kolkata,no2,72,8.8,123.6,18.7,2055.26
6/20/2017,IN,Kolkata,co,68,0.4,23.9,4.6,223.63
6/20/2017,IN,Kolkata,pm10,71,4,475,45,77749.7
6/20/2017,IN,Kolkata,o3,47,7.4,229.8,11,10210.1
6/21/2017,IN,Kolkata,so2,72,4.5,75.6,6.9,694.1
6/21/2017,IN,Kolkata,pm25,23,46,147,95,5737.19
6/21/2017,IN,Kolkata,no2,72,9.6,108.4,22.4,1435.84
6/21/2017,IN,Kolkata,co,72,0.6,23.9,4.9,242.1
6/21/2017,IN,Kolkata,pm10,72,2,155,63,10859.9
6/21/2017,IN,Kolkata,o3,47,1.7,144.6,13,4390.67
6/22/2017,IN,Kolkata,so2,65,4.9,14.6,8.2,56.19
6/22/2017,IN,Kolkata,pm25,24,68,153,122,6571.29
6/22/2017,IN,Kolkata,no2,65,8.8,49.2,18,738.93
6/22/2017,IN,Kolkata,co,65,0.1,28.2,4.6,135.8
6/22/2017,IN,Kolkata,pm10,65,19,125,64,5568.72
6/22/2017,IN,Kolkata,o3,41,1.3,28.1,8.2,735.02
6/23/2017,IN,Kolkata,so2,55,3.7,13.8,9.8,70.17
6/23/2017,IN,Kolkata,pm25,24,65,162,109,7864.76
6/23/2017,IN,Kolkata,no2,54,8.5,51.4,22.7,1885.03
6/23/2017,IN,Kolkata,co,55,0.1,13.1,4.9,74.07
6/23/2017,IN,Kolkata,pm10,55,2,378,65,29944.7
6/23/2017,IN,Kolkata,o3,31,0.5,31.3,7,398.52
6/24/2017,IN,Kolkata,so2,62,2.9,13.4,8.6,74.14
6/24/2017,IN,Kolkata,pm25,24,78,167,139,10010.9
6/24/2017,IN,Kolkata,no2,59,7.4,42.5,23.1,851.23
6/24/2017,IN,Kolkata,co,59,0.6,18.1,5.1,102.01
6/24/2017,IN,Kolkata,pm10,62,10,186,69,16996
6/24/2017,IN,Kolkata,o3,38,0.5,15.1,4.1,167.21
6/25/2017,IN,Kolkata,so2,59,0.9,216.6,9,27938.2
6/25/2017,IN,Kolkata,pm25,24,55,99,76,1457.97
6/25/2017,IN,Kolkata,no2,59,7.4,130.1,14.7,8783.16
6/25/2017,IN,Kolkata,co,59,1.1,15.6,4.4,68.35
6/25/2017,IN,Kolkata,pm10,64,11,405,46,111539
6/25/2017,IN,Kolkata,o3,35,1.3,324.5,7,104948
6/26/2017,IN,Kolkata,so2,66,2.5,216.6,9.8,19133.6
6/26/2017,IN,Kolkata,pm25,24,57,119,68,2332.75
6/26/2017,IN,Kolkata,no2,66,2.2,130.1,14.3,6334.95
6/26/2017,IN,Kolkata,co,66,0.2,10.6,4,64.44
6/26/2017,IN,Kolkata,pm10,68,2,717,44,148505
6/26/2017,IN,Kolkata,o3,44,2.5,324.5,9,64927.5
6/27/2017,IN,Kolkata,so2,69,2.5,13.8,7.8,68
6/27/2017,IN,Kolkata,pm25,24,42,91,63,1876.45
6/27/2017,IN,Kolkata,no2,69,6.3,29.3,13.2,312.29
6/27/2017,IN,Kolkata,co,69,0.6,22.5,4,197.46
6/27/2017,IN,Kolkata,pm10,69,6,148,34,7324.11
6/27/2017,IN,Kolkata,o3,45,2.9,10.2,7.4,28.8
6/28/2017,IN,Kolkata,so2,72,2.1,88.6,7.3,1028.97
6/28/2017,IN,Kolkata,pm25,24,30,89,68,1990.43
6/28/2017,IN,Kolkata,no2,72,7.4,114.3,13.2,1686.84
6/28/2017,IN,Kolkata,co,69,0.4,30.4,4,250.31
6/28/2017,IN,Kolkata,pm10,72,5,197,34,14621.1
6/28/2017,IN,Kolkata,o3,48,4.9,173.4,7,5788.58
6/29/2017,IN,Kolkata,so2,70,2.9,157.9,9,3290.81
6/29/2017,IN,Kolkata,pm25,24,55,95,68,975.2
6/29/2017,IN,Kolkata,no2,70,1.5,130.1,12.8,2341.3
6/29/2017,IN,Kolkata,co,67,0.4,13.8,4.4,91.68
6/29/2017,IN,Kolkata,pm10,70,4,393,40,39465
6/29/2017,IN,Kolkata,o3,46,0.9,269.6,6.5,15095.8
6/30/2017,IN,Kolkata,so2,56,2.5,21.9,8.3,135.47
6/30/2017,IN,Kolkata,pm25,23,42,154,102,9049.88
6/30/2017,IN,Kolkata,no2,56,8.1,41.5,15.4,466.85
6/30/2017,IN,Kolkata,co,56,0.2,12,5.3,81.32
6/30/2017,IN,Kolkata,pm10,52,10,121,52,5136.02
6/30/2017,IN,Kolkata,o3,32,2.5,18.7,5.7,156.1
7/1/2017,IN,Kolkata,so2,59,4.1,216.6,10.6,14287.2
7/1/2017,IN,Kolkata,pm25,24,59,137,85,3475
7/1/2017,IN,Kolkata,no2,58,8.1,130.1,15.8,4683.58
7/1/2017,IN,Kolkata,co,58,0.2,14,4.4,83.53
7/1/2017,IN,Kolkata,pm10,37,10,405,44,78023.6
7/1/2017,IN,Kolkata,o3,35,2.5,324.5,8.2,55542.2
7/2/2017,IN,Kolkata,so2,66,2.1,216.6,8.2,9443.64
7/2/2017,IN,Kolkata,pm25,24,70,132,102,3441.45
7/2/2017,IN,Kolkata,no2,62,4.7,130.1,16.9,5672.18
7/2/2017,IN,Kolkata,co,61,0.1,23.2,5.1,153.93
7/2/2017,IN,Kolkata,pm10,44,4,896,40,224753
7/2/2017,IN,Kolkata,o3,44,0.5,324.5,4.1,55234
